3.2 魹ｽ魹ｽ魹ｽ魹ｽ魹ｽ魹ｽ魹ｽ魹ｽ魹ｽ魹ｽﾏ｢,魹ｽ魹ｽ魹ｽ魹ｽ魹ｽ魹ｽ魹ｽﾆｹ魹ｽ魹ｽ魹ｽ,ﾎｬ魹ｽ魹ｽ魹ｽ魹ｽ魹ｽ魹ｽ魹ｽ魹ｽ魹ｽ魹ｽ/魹ｽ魹ｽﾓｦ魹ｽ魹ｽﾄｿ魹ｽ魹ｽ魹ｽﾆ｣魹ｽ魹ｽ魹ｽ魹ｽ魹ｽ魹ｽ魹ｽﾊｶ魹ｽ魹ｽ魹ｽ魹ｽ魹ｽ魹ｽﾒｵ魹ｽ魹ｽ魹ｽ魹ｽ
3.2 魹ｽ魹ｽ魹ｽ魹ｽ魹ｽ魹ｽ魹ｽ魹ｽ魹ｽ魹ｽﾏ｢,魹ｽ魹ｽﾏｵ魹ｽ魹ｽ魹ｽ魹ｽﾏ｢魹ｽ魹ｽ魹ｽ魹ｽ,魹ｽ魹ｽﾂｼ魹ｽ魹ｽ魹ｽ魹ｽ魹ｽ魹ｽﾓｦ魹ｽ魹ｽ魹ｽ魹ｽﾏｵ魹ｽﾋｻ魹ｽ魹ｽ魹ｽ魹ｽ魹ｽﾏ｢
3.2 魹ｽ魹ｽ魹ｽ魹ｽ魹ｽ魹ｽ魹ｽ魹ｽ魹ｽ魹ｽﾏ｢,魹ｽ魹ｽﾏｵ魹ｽ魹ｽ魹ｽﾖｻ魹ｽ魹ｽﾅｹ魹ｽ魹ｽ魹ｽ,ﾎｬ魹ｽ魹ｽ魹ｽ魹ｽﾏｵ魹ｽﾋｵ魹ｽ魹ｽﾖｻ魹ｽ魹ｽﾅ｣魹ｽﾖｧ魹ｽﾖｶ魹ｽ魹ｽ魹ｽ魹ｽ魹ｽ魹ｽ魹ｽﾂｼ魹ｽ槵ｬ魹ｽ魹ｽ魹ｽ魹ｽ魹ｽ魹ｽﾏｵ魹ｽ魹ｽ魹ｽ魹ｽ
3.2 魹ｽ魹ｽ魹ｽ魹ｽ魹ｽ魹ｽ魹ｽ魹ｽ魹ｽ魹ｽﾏ｢,魹ｽ魹ｽﾏｵ魹ｽ魹ｽﾎ｢魹ｽﾅｺﾅｹ魹ｽ魹ｽ魹ｽ,ﾎｬ魹ｽ魹ｽ魹ｽ魹ｽﾏｵ魹ｽﾋｵ魹ｽﾎ｢魹ｽﾅｺﾅ｣魹ｽﾖｧ魹ｽﾖｶ魹ｽ魹ｽﾋｽ魹ｽ魹ｽ魹ｽ魹ｽﾏｵ魹ｽ魹ｽﾊｽ魹ｽ魹ｽﾂｼ魹ｽ魹ｽ
3.2 魹ｽ魹ｽ魹ｽ魹ｽ魹ｽ魹ｽ魹ｽ魹ｽ魹ｽ魹ｽﾏ｢,魹ｽ魹ｽ魹ｽ魹ｽ魹ｽﾍｻ魹ｽ魹ｽ魹ｽ魹ｽ魹ｽ,魹ｽ魹ｽ魹ｽ魹ｽ魹ｽ魹ｽ魹ｽ魹ｽﾏｵﾍｳ魹ｽﾐｵﾄｿﾍｻ魹ｽ魹ｽ魹ｽ魹ｽ魹ｽ魹ｽ魹ｽ魹ｽ魹ｽ魹ｽﾖｧ魹ｽ魹ｽ魹ｽ魹ｽﾎｴ魹ｽ魹ｽ魹ｽ魹ｽ魹ｽﾍｻ魹ｽ魹ｽﾄｳ魹ｽ魹ｽ魹ｽ魹ｽ魹ｽ
3.2 魹ｽ魹ｽ魹ｽ魹ｽ魹ｽ魹ｽ魹ｽ魹ｽ魹ｽ魹ｽﾏ｢,魹ｽ魹ｽﾇｰ魹ｽﾔｽ魹ｽ魹ｽ魹ｽ魹ｽ魹ｽ魹ｽ魹ｽ魹ｽ魹ｽ,ﾑ｡魹ｽ喿ｾｹ魹ｽﾋｾ魹ｽ魹ｽﾇｰ魹ｽﾔｽﾓｸﾃｿﾍｻ魹ｽ魹ｽ魹ｽﾒｵ魹ｽ魹ｽ魹ｽ魹ｽ魹ｽ魹ｽ
3.2 魹ｽ魹ｽ魹ｽ魹ｽ魹ｽ魹ｽ魹ｽ魹ｽ魹ｽ魹ｽﾏ｢,魹ｽ魹ｽ魹ｽ魹ｽﾊｱ魹ｽ魹ｽ魹ｽﾂｼ,魹ｽ魹ｽﾂｼ魹ｽ魹ｽ魹ｽ魹ｽ魹ｽﾄｴ魹ｽ魹ｽ魹ｽﾊｱ魹ｽ魹ｽ魹ｽ魹ｽ魹ｽﾗｷ魹ｽ魹ｽ魹ｽ魹ｽ魹ｽ魹ｽ魹ｽ魹ｽﾂｼ魹ｽ魹ｽﾊｱ魹ｽ魹ｽ
3.2 魹ｽ魹ｽ魹ｽ魹ｽ魹ｽ魹ｽ魹ｽ魹ｽ魹ｽ魹ｽﾏ｢,魹ｽ魹ｽ魹ｽ魹ｽ魹ｽ魹ｽ魹ｽ魹ｽﾐ｣魹ｽ魹ｽ,魹ｽ魹ｽ魹ｽ魹ｽ/魹ｽ魹ｽ魹ｽ魹ｽ魹ｽ魹ｽ魹ｽ魹ｽﾊｱ魹ｽ魹ｽ魹ｽﾔｶ魹ｽﾐ｣魹ｽ魹ｽ魹ｽﾖｻ魹ｽ魹ｽﾅ｣魹ｽﾊｶ魹ｽ魹ｽ魹ｽﾘｸ魹ｽ魹ｽ魹ｽ魹ｽ魹ｽ魹ｽ魹ｽ魹ｽ魹ｽ魹ｽ魹ｽ魹ｽ魹ｽ魹ｽ魹ｽ魹ｽﾘｸ魹ｽ魹ｽ魹ｽ魹ｽ魹ｽ
3.3 魹ｽ魹ｽ魹ｽ魹ｽ魹ｽ魹ｽ魹ｽ魹ｽ魹ｽ魹ｽﾏ｢,魹ｽ魹ｽﾔｴ魹ｽ魹ｽ魹ｽ魹ｽ魹ｽ魹ｽ魹ｽ魹ｽ,魹ｽ魹ｽﾂｼ魹ｽ魹ｽ魹ｽ魹ｽ魹ｽ魹ｽ魹ｽ魹ｽﾔｴ魹ｽ魹ｽ魹ｽ魹ｽ魹ｽ魹ｽ魹ｽ魹ｽ魹ｽ魹ｽﾙｶ魹ｽ魹ｽﾆｹ罍｢魹ｽ魹ｽ魹ｽ魹ｽ魹ｽ魹ｽﾐ｡魹ｽ魹ｽ魹ｽ魹ｽﾈ｣魹ｽ魹ｽ魹ｽ魹ｽ魹ｽ魹ｽ魹ｽ魹ｽ魹ｽﾐｧ魹ｽ魹ｽ魹ｽ魹ｽ魹ｽ魹ｽ
3.3 魹ｽ魹ｽ魹ｽ魹ｽ魹ｽ魹ｽ魹ｽ魹ｽ魹ｽ魹ｽﾏ｢,魹ｽﾍｻ魹ｽ魹ｽ魹ｽ魹ｽ魹ｽ魹ｽ魹ｽ魹ｽ魹ｽ,ﾂｼ魹ｽ魹ｽﾍｻ魹ｽ魹ｽ魹ｽ魹ｽ魹ｽ魹ｽ朙｣ｸﾅｽ魹ｽ魹ｽﾜ｣魹ｽ魹ｽ魹ｽﾈｷ魹ｽﾍｻ魹ｽ魹ｽ魹ｽﾒｵ魹ｽ魹ｽ魹ｽ魹ｽ魹ｽ魹ｽ
3.3 魹ｽ魹ｽ魹ｽ魹ｽ魹ｽ魹ｽ魹ｽ魹ｽ魹ｽ魹ｽﾏ｢,魹ｽﾘｼ魹ｽ魹ｽ魹ｽﾗｷ魹ｽ魹ｽ,魹ｽ魹ｽﾂｼ魹ｽ魹ｽ魹ｽﾆｹ魹ｽ魹ｽ魹ｽ魹ｽ魹ｽ魹ｽ魹ｽ魹ｽ魹ｽ魹ｽ魹ｽﾔｭﾊｼ魹ｽ魹ｽ魹ｽ魹ｽ魹ｽﾘｼ魹ｽ魹ｽﾊ｣魹ｽ魹ｽ魹ｽ魹ｽ魹ｽ魹ｽﾆｹ魹ｽﾐｧ魹ｽ魹ｽ魹ｽ魹ｽ魹ｽ魹ｽ
3.3 魹ｽ魹ｽ魹ｽ魹ｽ魹ｽ魹ｽ魹ｽ魹ｽ魹ｽ魹ｽﾏ｢,魹ｽ魹ｽ魹ｽ魹ｽﾈｼ魹ｽ魹ｽ魹ｽ魹ｽ魹ｽ,魹ｽ魹ｽ魹ｽﾃｿﾍｻ魹ｽ魹ｽﾄｳﾉｽ魹ｽ魹ｽ魹ｽ魹ｽ魹ｽﾈｼ魹ｽ魹ｽ魹ｽ魹ｽ魹ｽ魹ｽﾖｸﾟ｡魹ｽ魹ｽﾐ｡魹ｽ魹ｽ魹ｽ魹ｽ魹ｽ魹ｽ庬ｬｸ魹ｽ魹ｽ魹ｽ魹ｽ魹ｽ魹ｽ魹ｽ魹ｽ魹ｽ魹ｽﾈｼ魹ｽ魹ｽﾐｶ魹ｽ
3.3 魹ｽ魹ｽ魹ｽ魹ｽ魹ｽ魹ｽ魹ｽ魹ｽ魹ｽ魹ｽﾏ｢,魹ｽ魹ｽﾇｩ魹ｽ魹ｽ魹ｽ魹ｽ,ﾎｪ魹ｽ魹ｽ魹ｽ魹ｽ魹ｽ魹ｽ魹ｽ魹ｽﾒｵ魹ｽ魹ｽ魹ｽﾇｩ魹ｽ魹ｽ魹ｽ魹ｽ魹ｽ魹ｽAPP魹ｽ魹ｽﾐ｡魹ｽ魹ｽ魹ｽ庥｢ｹ魹ｽ魹ｽ魹ｽﾏｵﾍｳ魹ｽ魹ｽCMS魹ｽﾈ｣魹ｽ魹ｽ魹ｽ魹ｽ魹ｽ魹ｽ魹ｽ魹ｽ魹ｽ魹ｽ魹ｽ魹ｽ魹ｽ
3.3 魹ｽ魹ｽ魹ｽ魹ｽ魹ｽ魹ｽ魹ｽ魹ｽ魹ｽ魹ｽﾏ｢,魹ｽ魹ｽﾇｩﾑ｡魹ｽ魹ｽ魹ｽ魹ｽ魹ｽﾔｶ魹ｽ魹ｽ魹ｽ,魹ｽ魹ｽﾔ､魹ｽ魹ｽ魹ｽﾇｩ魹ｽ魹ｽﾑ｡魹ｽ魹ｽ魹ｽﾇｩ魹ｽ魹ｽﾍｬﾊｱﾖｧ魹ｽ魹ｽ魹ｽﾔｶ魹ｽ魹ｽ魹ｽ魹ｽﾂｽ魹ｽ魹ｽ魹ｽﾇｩ魹ｽ魹ｽ魹ｽ魹ｽ魹ｽ魹ｽ魹ｽ魹ｽﾔｻ魹ｽﾒｵ魹ｽ嗌｡ｾ魹ｽ
3.3 魹ｽ魹ｽ魹ｽ魹ｽ魹ｽ魹ｽ魹ｽ魹ｽ魹ｽ魹ｽﾏ｢,魹ｽ魹ｽ魹ｽ魹ｽﾊｱ魹ｽ魹ｽ魹ｽﾂｼ,魹ｽ魹ｽﾂｼ魹ｽ魹ｽ魹ｽ魹ｽ魹ｽ魹ｽ魹ｽ魹ｽﾒｻ魹ｽﾎｲ魹ｽ魹ｽ魹ｽ魹ｽ魹ｽﾊｱ魹ｽ茱ｬ魹ｽ魹ｽ魹ｽ魹ｽ魹ｽ魹ｽ魹ｽ魹ｽ魹ｽﾄｻ魹ｽﾔｾﾗｴﾌｬ
3.4 魹ｽ魹ｽ魹ｽ魹ｽ魹ｽ魹ｽ魹ｽ魹ｽ魹ｽ魹ｽ魹ｽ魹ｽ,魹ｽ魹ｽ魹ｽ魹ｽﾊｱ魹ｽ魹ｽ魹ｽﾂｼ,魹ｽ魹ｽﾂｼﾃｿ魹ｽﾎｸ魹ｽ魹ｽ魹ｽ魹ｽﾄｾ魹ｽ魹ｽ魹ｽﾊｱ魹ｽ茱ｬﾗｷ魹ｽﾝｸ魹ｽ魹ｽ魹ｽ魹ｽ魹ｽﾊｱ魹ｽ魹ｽ魹ｽ魹ｽ
3.4 魹ｽ魹ｽ魹ｽ魹ｽ魹ｽ魹ｽ魹ｽ魹ｽ魹ｽ魹ｽ魹ｽ魹ｽ,魹ｽ魹ｽ魹ｽ魹ｽ魹ｽ魹ｽﾊｽﾑ｡魹ｽ魹ｽ,ﾑ｡魹ｽ魹ｽ魹ｽ魹ｽ魹ｽ魹ｽ魹ｽﾊｽ魹ｽ魹ｽ魹ｽ魹ｽ魹ｽ魹ｽ扈ｰ魹ｽ魹ｽﾎ｢魹ｽﾅ｡魹ｽ魹ｽﾝｷﾃ｡魹ｽ魹ｽﾖｳ魹ｽ魹ｽ魹ｽﾊｾ魹ｽﾈ｣魹ｽ魹ｽ魹ｽ魹ｽﾖｲ魹ｽﾍｬ魹ｽﾄｸ魹ｽ魹ｽ魹ｽ魹ｽ魹ｽ魹ｽ魹ｽ
3.4 魹ｽ魹ｽ魹ｽ魹ｽ魹ｽ魹ｽ魹ｽ魹ｽ魹ｽ魹ｽ魹ｽ魹ｽ,魹ｽﾍｻ魹ｽﾗｴﾌｬﾗｷ魹ｽ魹ｽ,魹ｽ魹ｽ魹ｽﾂｿﾍｻ魹ｽ魹ｽ魹ｽﾇｰ魹ｽﾄｸ魹ｽ魹ｽ魹ｽﾗｴﾌｬ魹ｽ魹ｽ魹ｽ魹ｽ魹ｽ魹ｽﾎｴ魹ｽ魹ｽﾏｵ魹ｽ魹ｽﾎｴ魹ｽ魹ｽﾍｨ魹ｽ魹ｽ魹ｽ魹ｽ魹ｽ魹ｽ魹ｽ魹ｽﾍｨ魹ｽ魹ｽ魹ｽ魹ｽ魹ｽ魹ｽ魹ｽ魹ｽﾐ｡魹ｽ魹ｽ魹ｽ魹ｽ魹ｽ魹ｽ魹ｽ魹ｽﾛ｡魹ｽ魹ｽ魹ｽﾍｬﾇ｢ﾌｸ魹ｽ魹ｽ魹ｽ魹ｽﾇｩ魹ｽ魹ｽ魹ｽ魹ｽ魹ｽ魹ｽ魹ｽ魹ｽﾖｹ
3.4 魹ｽ魹ｽ魹ｽ魹ｽ魹ｽ魹ｽ魹ｽ魹ｽ魹ｽ魹ｽ魹ｽ魹ｽ,魹ｽﾍｻ魹ｽ魹ｽ魹ｽ魹ｽ魹ｽ魹ｽ魹ｽ魹ｽ,魹ｽ魹ｽ魹ｽﾂｿﾍｻ魹ｽ魹ｽ魹ｽ魹ｽ魹ｽ魹ｽ魹ｽﾈｼ魹ｽ魹ｽ魹ｽﾖｧ魹ｽﾖｿﾕｰﾗ｡魹ｽ魹ｽﾍ｡魹ｽ魹ｽ魹ｽ魹ｽ魹ｽ魹ｽ魹ｽ魹ｽﾈｼ魹ｽ魹ｽﾄｵ魹ｽ魹ｽ魹ｽ
3.4 魹ｽ魹ｽ魹ｽ魹ｽ魹ｽ魹ｽ魹ｽ魹ｽ魹ｽ魹ｽ魹ｽ魹ｽ,魹ｽ魹ｽ魹ｽﾐｱ魹ｽﾇｩﾕｹﾊｾ,魹ｽ魹ｽﾊｾ魹ｽ魹ｽﾇｰ魹ｽ魹ｽ魹ｽﾍｻ魹ｽ魹ｽ魹ｽ魹ｽﾃｵ魹ｽ魹ｽ魹ｽ魹ｽ魹ｽﾒｵ魹ｽ魹ｽ魹ｽﾇｩ魹ｽ魹ｽﾖｱ魹ｽ魹ｽ魹ｽﾋｽ魹ｽ魹ｽ魹ｽ魹ｽ魹ｽ魹ｽ魹ｽ魹ｽ魹ｽ
3.4 魹ｽ魹ｽ魹ｽ魹ｽ魹ｽ魹ｽ魹ｽ魹ｽ魹ｽ魹ｽ魹ｽ魹ｽ,魹ｽ魹ｽ魹ｽﾓｱ魹ｽﾇｩ魹ｽ魹ｽ魹ｽ魹ｽ,ﾎｪ魹ｽ魹ｽ魹ｽ魹ｽ魹ｽ魹ｽ魹ｽ魹ｽ/魹ｽﾆｳ魹ｽ魹ｽ魹ｽﾇｩ魹ｽ魹ｽﾖｧ魹ｽﾖｴﾓｱ魹ｽﾇｩ魹ｽ魹ｽﾑ｡魹ｽ魹ｽ魹ｽ魹ｽﾔｶ魹ｽ魹ｽ魹ｽ魹ｽ魹ｽ魹ｽ魹ｽ
3.4 魹ｽ魹ｽ魹ｽ魹ｽ魹ｽ魹ｽ魹ｽ魹ｽ魹ｽ魹ｽ魹ｽ魹ｽ,魹ｽ魹ｽ魹ｽ魹ｽ魹ｽ魹ｽ魹ｽﾝｱ狆ｭ,ﾖｧ魹ｽﾖｸ魹ｽ魹ｽﾄｱ魹ｽ魹ｽ狆ｭ魹ｽ魹ｽ魹ｽ魹ｽﾂｼ魹ｽ魹ｽ魹ｽ魹ｽ魹ｽ魹ｽ魹ｽ魹ｽﾏｸ魹ｽ魹ｽ魹ｽ魹ｽ魹ｽ魹ｽ魹ｽ魹ｽ魹ｽ魹ｽ魹ｽ魹ｽ魹ｽ魹ｽ魹ｽ魹ｽ魹ｽ魹ｽﾏ｢
3.4 魹ｽ魹ｽ魹ｽ魹ｽ魹ｽ魹ｽ魹ｽ魹ｽ魹ｽ魹ｽ魹ｽ魹ｽ,魹ｽ魹ｽ魹ｽ魹ｽ魹ｽ魹ｽ魹ｽ魹ｽ魹ｽ魹ｽ魹ｽ魹ｽ,魹ｽ魹ｽ魹ｽ魹ｽ魹ｽﾂｴﾎｸ魹ｽ魹ｽ魹ｽ魹ｽ魹ｽ魹ｽ魹ｽ魹ｽ魹ｽﾊｱ魹ｽ茱ｬﾖｧ魹ｽ魹ｽ魹ｽ魹ｽ魹ｽ魹ｽ3魹ｽ琚｢魹ｽ魹ｽﾆｵ1魹ｽ琚｢魹ｽ魹ｽﾆｵ10魹ｽ魹ｽﾈｳ魹ｽ魹ｽ魹ｽﾑ｡魹ｽ魹ｽ
3.4 魹ｽ魹ｽ魹ｽ魹ｽ魹ｽ魹ｽ魹ｽ魹ｽ魹ｽ魹ｽ魹ｽ魹ｽ,魹ｽ魹ｽ魹ｽ魹ｽ魹ｽ魹ｽﾖｾ魹ｽ魹ｽﾑｯ,魹ｽ魹ｽﾊｱ魹ｽ魹ｽ魹ｽ魹ｽﾕｹﾊｾ魹ｽ魹ｽ魹ｽ魹ｽ魹ｽ魹ｽ魹ｽ魹ｽﾊｷ魹ｽ魹ｽﾂｼ魹ｽ魹ｽﾖｱ魹ｽﾛｲ鯀ｴ魹ｽ魹ｽ魹ｽ魹ｽ魹ｽﾄｸ魹ｽ魹ｽ魹ｽﾈｫ魹ｽ魹ｽ魹ｽ魹ｽ
3.9 魹ｽ魹ｽ魹ｽ魹ｽ魹ｽ魹ｽ魹ｽ魹ｽﾒｳ魹ｽ魹ｽ魹ｽ魹ｽﾆｹ豺ｶ,魹ｽ魹ｽ魹ｽ魹ｽ魹ｽﾏ｢魹ｽ魹ｽ魹ｽ豺ｶ,魹ｽﾏｲ魹ｽ魹ｽ魹ｽﾊｾ魹ｽ魹ｽ魹ｽ魹ｽ魹ｽ魹ｽ魹ｽ魹ｽ魹ｽ魹ｽﾏ｢魹ｽ魹ｽ魹ｽﾂｲ魹ｽ魹ｽ魹ｽﾒｳﾇｩ魹ｽ魹ｽﾊｾ魹ｽ魹ｽ魹ｽ魹ｽ魹ｽ魹ｽﾏ｢魹ｽ魹ｽ魹ｽﾍｻ魹ｽ魹ｽ魹ｽ魹ｽ蝪｢魹ｽ魹ｽﾍｬ魹ｽ魹ｽ魹ｽﾘｿ賡｢ﾆｱ魹ｽ魹ｽ魹ｽ魹ｽﾄｿ魹ｽﾄｵ魹ｽ
3.9 魹ｽ魹ｽ魹ｽ魹ｽ魹ｽ魹ｽ魹ｽ魹ｽﾒｳ魹ｽ魹ｽ魹ｽ魹ｽﾆｹ豺ｶ,魹ｽﾒｲ魹ｽﾒｵ魹ｽ魹ｽ魹ｽ魹ｽ魹ｽ豺ｶ,魹ｽ魹ｽﾒｳﾇｩ魹ｽ魹ｽﾊｾ魹ｽ魹ｽ魹ｽ魹ｽﾊｱ魹ｽ魹ｽ魹ｽ癸｢魹ｽ魹ｽ魹ｽ魹ｽ魹ｽﾐｱ魹ｽ魹ｽ魹ｽ魹ｽ魹ｽ魹ｽ魹ｽ魹ｽ魹ｽ魹ｽ槩｢魹ｽ魹ｽ魹ｽ魹ｽ魹ｽ魹ｽ魹ｽ魹ｽ
3.9 魹ｽ魹ｽ魹ｽ魹ｽ魹ｽ魹ｽ魹ｽ魹ｽﾒｳ魹ｽ魹ｽ魹ｽ魹ｽﾆｹ豺ｶ,魹ｽ魹ｽ魹ｽ魹ｽﾊｱ魹ｽ魹ｽ魹ｽ魹ｽﾕｹﾊｾ,魹ｽ魹ｽﾊｱ魹ｽ魹ｽ魹ｽ魹ｽ魹ｽ魹ｽﾊｾ魹ｽ魹ｽ魹ｽ魹ｽ魹ｽ魹ｽﾏｸ魹ｽ魹ｽﾏ｢魹ｽ魹ｽﾖｧ魹ｽ魹ｽ魹ｽ魹ｽ魹ｽ魹ｽ魹ｽ魹ｽﾒｳ魹ｽ魹ｽ魹ｽ魹ｽ魹ｽ魹ｽ魹ｽ魹ｽ魹ｽ魹ｽ魹ｽ魹ｽ魹ｽ魹ｽﾂｼ
3.9 魹ｽ魹ｽ魹ｽ魹ｽ魹ｽ魹ｽ魹ｽ魹ｽﾒｳ魹ｽ魹ｽ魹ｽ魹ｽﾆｹ豺ｶ,魹ｽ魹ｽ魹ｽ魹ｽ魹ｽ蠏･ﾕｹﾊｾ,魹ｽ魹ｽ魹ｽ魹ｽ魹ｽ魹ｽ魹ｽ魹ｽ魹ｽ魹ｽﾒｳ魹ｽ魹ｽﾊｾ魹ｽ魹ｽﾎｱ魹ｽ魹ｽﾛｵ魹ｽ魹ｽ蠏･魹ｽﾐｱ魹ｽ魹ｽ魹ｽﾖｧ魹ｽﾖｲ鯀ｴ魹ｽ魹ｽ魹ｽ魹ｽ魹ｽ魹ｽ魹ｽ魹ｽ魹ｽ魹ｽ魹ｽ魹ｽﾛｵ魹ｽ
3.9 魹ｽ魹ｽ魹ｽ魹ｽ魹ｽ魹ｽ魹ｽ魹ｽﾒｳ魹ｽ魹ｽ魹ｽ魹ｽﾆｹ豺ｶ,魹ｽ魹ｽ魹ｽ魹ｽ魹ｽ魹ｽ魹ｽ魹ｽ魹ｽﾐｱ魹ｽﾕｹﾊｾ,魹ｽ魹ｽ魹ｽ魹ｽ魹ｽ魹ｽ魹ｽ魹ｽ魹ｽ魹ｽﾒｳ魹ｽ魹ｽﾊｾ魹ｽ魹ｽ魹ｽ魹ｽ魹ｽﾐｱ魹ｽ魹ｽ魹ｽﾖｧ魹ｽﾖｲ鯀ｴ魹ｽ魹ｽ魹ｽ鬘｢魹ｽ魹ｽ魹ｽ魹ｽ魹ｽ魹ｽ魹ｽ魹ｽ魹ｽ魹ｽ魹ｽ魹ｽ魹ｽ魹ｽ魹ｽ魹ｽ魹ｽ魹ｽ魹ｽ魹ｽ魹ｽ魹ｽ
3.9 魹ｽ魹ｽ魹ｽ魹ｽ魹ｽ魹ｽ魹ｽ魹ｽﾒｳ魹ｽ魹ｽ魹ｽ魹ｽﾆｹ豺ｶ,魹ｽ魹ｽ魹ｽ魹ｽ魹ｽ魹ｽ魹ｽ魹ｽ魹ｽﾐｱ魹ｽﾕｹﾊｾ,魹ｽ魹ｽ魹ｽ魹ｽ魹ｽ魹ｽ魹ｽ魹ｽ魹ｽ魹ｽﾒｳ魹ｽ魹ｽﾊｾ魹ｽ魹ｽ魹ｽ魹ｽ魹ｽ魹ｽ魹ｽ魹ｽ魹ｽﾐｱ魹ｽ魹ｽ魹ｽﾖｧ魹ｽﾖｲ鯀ｴ魹ｽ魹ｽ魹ｽ鬘｢魹ｽ魹ｽ魹ｽ魹ｽ魹ｽ魹ｽ魹ｽ魹ｽ魹ｽ魹ｽ魹ｽ魹ｽ魹ｽ魹ｽ魹ｽ魹ｽ魹ｽ魹ｽ魹ｽ魹ｽ魹ｽ魹ｽ
3.9 魹ｽ魹ｽ魹ｽ魹ｽ魹ｽ魹ｽ魹ｽ魹ｽﾒｳ魹ｽ魹ｽ魹ｽ魹ｽﾆｹ豺ｶ,魹ｽ魹ｽﾄｿ魹ｽﾄｵ魹ｽ魹ｽ魹ｽ魹ｽ魹ｽ,魹ｽ魹ｽ魹ｽ魹ｽ魹ｽ魹ｽ魹ｽ魹ｽ魹ｽ魹ｽﾒｳ魹ｽ魹ｽ魹ｽ魹ｽ魹ｽ魹ｽﾄｿ魹ｽﾄｵ魹ｽ魹ｽ魹ｽﾖｧ魹ｽ魹ｽ魹ｽﾏｴ魹ｽ魹ｽ魹ｽ魹ｽ鯀ｴ魹ｽ魹ｽ魹ｽ魹ｽ魹ｽﾘ｣魹ｽ魹ｽ魹ｽ魹ｽ魹ｽﾔｭ魹ｽ魹ｽ魹ｽ魹ｽﾆｸ蝪｢UI魹ｽ魹ｽﾆｸ蝪｢魹ｽ魹ｽ魹ｽ魹ｽﾍｼ魹ｽ魹ｽ魹ｽ魹ｽ魹ｽ魹ｽ魹ｽ魹ｽ魹ｽ
